"company_name","company_url","company_linkedin_url","company_country","company_country_code","company_city","company_industry","company_employee_count","company_founding_year","technologies_count","technologies","jobs_count","jobs_titles","annual_revenue_usd","company_seo_description","company_description","google-cloud-platform_confidence","google-cloud-platform_n_jobs","salesforce-marketing-cloud_confidence","salesforce-marketing-cloud_n_jobs","amazon-web-services_confidence","amazon-web-services_n_jobs","google-drive_confidence","google-drive_n_jobs","onedrive_confidence","onedrive_n_jobs"
"Ita√∫ Unibanco","https://itau.com.br","https://www.linkedin.com/company/itau/","Brazil","BR","Sao Paulo","Banking","106160","1924","498","Google Cloud Platform, Salesforce Marketing Cloud, Amazon Web Services","3654","","28004525000","Maior Private Bank da Am√©rica Latina, curadoria de alta performance para seus investimentos, presen√ßa global e produtos de mais de 40 gestores.","Hello! This is Ita√∫ Unibanco's profile on Linkedin. We are the largest bank in Latin America and our purpose is to stimulate people's power of transformation. Here, we will share with you news about the bank, details about our work environment, opportunities and trends. üòâ","medium","76","medium","11","high","1135","","","",""
"Exact Sales","https://exactsales.com.br","https://www.linkedin.com/company/exact-sales/","Brazil","BR","Florian√≥polis","Software Development","336","2015","128","Amazon Web Services, Google Drive","1242","","","A Exact Sales oferece software para vendas que ajuda na prospec√ß√£o ativa e melhora as vendas do seu neg√≥cio. Conhe√ßa nosso software!","Exact Sales por RD Station √© a maior empresa de Sales Engagement da Am√©rica Latina, com mais de 16.000 usu√°rios que confiam em seu software, o Exact Spotter. Com foco em resultados impulsionamos neg√≥cios! Por exemplo, na empresa NSC aumentamos em 3x sua receita anual e a ACE Log√≠stica internacional teve um aumento
no volume de agendamentos de 234%, 77% em vendas e reduziu o CAC em 60% com nosso software.

Somos uma solu√ß√£o para aumento da efici√™ncia comercial, por automa√ß√£o de a√ß√µes e decis√µes a partir de dados profundos, gerando personaliza√ß√£o em massa para as empresas que mais crescem no Brasil. Atendendo tanto startups, quanto os maiores l√≠deres de seus mercados, tais como Globo, Serasa, TOTVS, KPMG, VR Beneficios, SAP, Thomson, Unimed, Estad√£o, Grupo Ultra, S√™nior, Basf.

Solicite um diagn√≥stico gratuito dos processos comerciais da sua empresa e conhe√ßa o Spotter: https://conteudo.exactsales.com.br/contate-um-consultor-linkedin

Precursores do uso do termo Pr√©-vendas para denominar o profissional de prospec√ß√£o que atua de maneira mais profunda no levantamento pr√©vio de informa√ß√µes dos clientes potenciais. Por isso, fundamos a Academia Exact, onde oferecemos forma√ß√£o gratuita de pr√©-vendedor para pessoas desempregadas para trazer o melhor da tecnologia de vendas e marketing para impulsionar o seu neg√≥cio, onde temos mais de 4 mil formados!

Em junho de 2023 nos tornamos parte do Grupo TOTVS, com a adquiri√ß√£o feita pela RD Station, agora trabalhamos juntos para trazer o melhor da tecnologia de vendas e marketing para nossos clientes.","","","","","low","1","high","797","",""
"FCamara","https://fcamara.com","http://www.linkedin.com/company/fcamaras-comercio-de-pecas-e-acessorios","Brazil","BR","Campinas","IT Services and IT Consulting","1001","","738","Google Cloud Platform, OneDrive, Amazon Web Services","1805","","","Venda de C√¢maras de ar em Campinas, Setor automobil√≠stico, C√¢maras de ar para pneus em Campinas - SP, Protetores de c√¢mara de ar em Campinas, Venda de artigos de borracharia na regi√£o de Campinas, acess√≥rios para borracharia em Campinas-SP, acess√≥rios para borracharia em Hortol√¢ndia, acess√≥rios para borracharia em valinhos, acess√≥rios para borracharia em vinhedo, c√¢mara de ar para ve√≠culos fora de estrada em Campinas, pneus e c√¢maras de ar em Campinas - SP - Brasil","Somos um ecossistema de tecnologia e inova√ß√£o, com 15 anos de atua√ß√£o, que potencializa o futuro de neg√≥cios integrando vis√£o estrat√©gica com execu√ß√£o inteligente, lado a lado com nossos clientes, para proporcionar experi√™ncias transformadoras.

A FCamara vem crescendo globalmente de forma cont√≠nua e j√° estamos presentes em 3 pa√≠ses: Brasil, Portugal e Inglaterra.

Somos +1.300 #SangueLaranja anywhere office guiados por nossos valores:

‚Ä¢ Atitude na veia
‚Ä¢ Crescimento colaborativo
‚Ä¢ Parceria de valor
‚Ä¢ Inspirados pela transforma√ß√£o

Somos pioneiros em formar, desenvolver e transformar carreiras, e patrocinamos a comunidade tech Orange Juice, que j√° formou mais de 500 pessoas na √°rea de tecnologia por meio do seu Programa de Forma√ß√£o.

Para n√≥s, Diversidade, Respeito e √âtica, s√£o elementos inegoci√°veis e fazem parte do nosso DNA. Buscamos construir um ambiente diverso, inclusivo e saud√°vel para que nossa comunidade de #SangueLaranja.","medium","226","","","high","550","","","medium","3"
"NAVA - Technology for Business","https://nava.com.br","http://www.linkedin.com/company/nava-technology","Brazil","BR","S√£o Paulo","IT Services and IT Consulting","930","1996","679","Google Cloud Platform, Salesforce Marketing Cloud, OneDrive, Amazon Web Services","1934","","","","Somos uma empresa de tecnologia apaixonada por pessoas e inova√ß√£o. Inspiramos nossos times a criar solu√ß√µes para que as maiores e melhores companhias do pa√≠s transformem e impactem positivamente o mundo. 

Por isso, damos as boas-vindas a todas as pessoas que desejam ser protagonistas de suas vidas e se tornarem t√£o grandes quanto seus sonhos. Mais que se sentir em casa, desejamos que aqui na NAVA voc√™ se sinta livre para escrever o seu pr√≥prio c√≥digo, do seu jeito. Curtiu? Ent√£o encontre a vaga ideal para voc√™: https://jobs.kenoby.com/nava","medium","108","low","1","high","518","","","low","1"
"Serasa","https://serasa.com.br","http://www.linkedin.com/company/serasa","Brazil","BR","S√£o Paulo","Banking","1000","1968","478","Google Cloud Platform, Salesforce Marketing Cloud, Amazon Web Services","2027","","17000000","Consulte seu CPF e Score gr√°tis. Solicite cart√µes de cr√©dito e empr√©stimo com taxas que cabem no seu bolso. Saiba como limpar seu nome, evite fraudes e uso indevido ao seu CPF. Confira!","Somos uma empresa voltada para o consumidor e queremos revolucionar a sa√∫de financeira dos brasileiros. 

Queremos ser a maior empresa digital do Brasil. Para isso, precisamos de pessoas que pensem t√£o grande quanto a n√≥s, que n√£o tenham medo de desafios e, principalmente, que joguem junto sempre que necess√°rio. Um ambiente din√¢mico, formado por um time que quer transformar a realidade financeira de um pa√≠s inteiro. Achou desafiador? Isto √© Serasa.

Se voc√™ gosta de desafios e tem vontade de trabalhar em um time com um prop√≥sito claro e ambicioso, seu lugar √© com a gente!

üëâüèæ Baixe nosso app:

App Store: http://serasa.me/appstore
Play Store: http://serasa.me/playstore","medium","44","medium","19","high","463","","","",""
"Grupo Botic√°rio","https://grupoboticario.com.br","https://www.linkedin.com/company/grupo-boticario/","Brazil","BR","Curitiba","Personal Care Product Manufacturing","43268","2010","606","Amazon Web Services, Salesforce Marketing Cloud, Google Drive, Google Cloud Platform","4418","","1400000000","Since 1991, Botic√°rio Group Foundation is one of the main corporate foundations with a mission to protect nature in Brazil.","Beleza √© o neg√≥cio do Grupo Botic√°rio. Para n√≥s, ela se traduz em nossas quatro unidades de neg√≥cio com atua√ß√£o no setor cosm√©tico: O Botic√°rio, Eudora, quem disse, berenice? e The Beauty Box. A beleza tamb√©m est√° no empreendedorismo, na sustentabilidade, inova√ß√£o, √©tica e integridade que inspiram nossa conduta e estimulam as atitudes das pessoas. 

A beleza de nossa organiza√ß√£o se expressa , ainda, na Funda√ß√£o Grupo Botic√°rio de Prote√ß√£o √† Natureza, institui√ß√£o sem fins lucrativos que realiza a√ß√µes de conscientiza√ß√£o e conserva√ß√£o da natureza em todo o pa√≠s, desde 1990. 

Para n√≥s, resultados econ√¥micos s√£o reflexos desta postura e de nosso ambiente de trabalho amistoso, diverso e criativo, que promove o desenvolvimento profissional cont√≠nuo dos mais de 5.700 colaboradores que fazem parte da organiza√ß√£o. 	

Esta soma incentiva nossa rede colaborativa a fazer sempre mais e nos insere nas listas das melhores empresas para trabalhar e come√ßar a carreira no Brasil, de acordo com os rankings do Great Place to Work e das revistas Exame e Voc√™ S/A. 

Saiba mais sobre o Grupo Botic√°rio:

www.grupoboticario.com.br 
www.oboticario.com.br 
www.eudora.com.br 
www.quemdisseberenice.com.br
www.thebeautybox.com.br
www.fundacaogrupoboticario.org.br

Acesse  hotsite do Relat√≥rio de Sustentabilidade 2012 - grupoboticario.com.br/relatoriosustentabilidade  -  e conhe√ßa nossa estrat√©gia de sustentabilidade focada em Mat√©rias-Primas e Embalagens, Canais de Venda e Ecoefici√™ncia.","high","378","medium","13","medium","345","high","17","",""
"Cyber University","https://cyberuniversity.com.br","http://www.linkedin.com/company/cyber-university-br","Brazil","BR","S√£o Paulo","E-Learning Providers","1","2021","159","Google Cloud Platform, Amazon Web Services","631","","","","Cursos de forma√ß√£o para gestores, executivos e profissionais interessados em em forma√ß√£o de alto n√≠vel nos temas de Tecnologia mais quentes da atualidade.

Mentoria para profissionais que j√° atuam ou querem atuar no mundo e Cyber Security.","medium","114","","","high","369","","","",""
"Grupo Brisanet","","http://www.linkedin.com/company/grupo-brisanet","Brazil","BR","","Telecommunications","130","1998","172","Google Cloud Platform, Google Drive","2463","","","","Somos um grupo empresarial do segmento de telecomunica√ß√µes que tem como miss√£o impactar positivamente a humanidade, disseminando conhecimento que produza inclus√£o social e tecnol√≥gica. Nossa hist√≥ria come√ßou em 1998 a partir do sonho de prover internet de qualidade e com pre√ßo acess√≠vel a lugares que at√© ent√£o nenhum outro provedor pretendia levar: o interior do Nordeste. Hoje, a nossa Companhia atua em sete dos nove estados nordestinos e leva conectividade do interior at√© as capitais, contribuindo ativamente para o desenvolvimento das cidades atendidas por meio dos nossos servi√ßos e gera√ß√£o de emprego.
O Grupo Brisanet √© formado pelas empresas Agility Telecom e Brisanet Telecomunica√ß√µes e atende, atualmente, a mais de 1 milh√£o de clientes no Nordeste.","medium","4","","","","","high","332","",""
"Curriculum.com.br","https://curriculum.com.br","https://www.linkedin.com/company/curriculum-com-br/","Brazil","BR","S√£o Paulo","Internet Publishing","200","1998","1082","Salesforce Marketing Cloud, Google Cloud Platform, OneDrive, Amazon Web Services, Google Drive","7072","","","","A Curriculum √© o maior site de empregos da Am√©rica Latina, com vagas em todos os perfis e localidades para candidatos, al√©m de excelentes ferramentas para quem busca oportunidades de carreira.  Oferece tamb√©m a maior base de curr√≠culos, acessada por milhares de empresas em busca de candidatos. 

√â o maior ponto de encontro entre profissionais e empresas da Internet brasileira, trabalha com o cadastro gratuito de curr√≠culo e auxilia o candidato na recoloca√ß√£o profissional. Oferece o an√∫ncio da vaga sem custo nenhum para as companhias, disponibiliza uma pesquisa detalhada do perfil de candidatos e administra os processos de recrutamento e sele√ß√£o, sendo pioneira em oferecer o melhor da tecnologia no segmento.

Atualmente, possui mais de 8 milh√µes de candidatos √∫nicos cadastrados, mais de 130 mil empresas usu√°rias e mais de 100 mil vagas dispon√≠veis. A cada 3 minutos um candidato informa que foi contratado.

O candidato cadastrado na Curriculum recebe um UCN - Unique Curriculum Number ou N√∫mero √önico de Curr√≠culo -, um c√≥digo que o identificar√° no site e permite o f√°cil cadastro em outras empresas usu√°rias do Sistema UCN.

A empresa tem o objetivo de tornar os curr√≠culos cadastrados no site cada vez mais vis√≠veis √†s empresas que buscam bons candidatos. A Curriculum revolucionou a forma de buscar empregos e selecionar profissionais.

Para mais informa√ß√µes sobre a Curriculum, visite: http://www.curriculum.com.br","medium","90","medium","6","high","293","high","10","low","3"
"Sensedia","https://sensedia.com","https://www.linkedin.com/company/sensedia/","Brazil","BR","Campinas","IT Services and IT Consulting","665","","373","Google Cloud Platform, Amazon Web Services","797","","","Modern Integration Platform","Sensedia supports companies to become more digital, connected and open through a technology platform and expertise in APIs and Microservices.

Named as a Leader by The Forrester Wave‚Ñ¢ (API Management Solutions Q3 2022), Sensedia is an award winner company, recognized by Global Business Tech Awards as SaaS Company of the Year, and by Paytech Awards - Fintech Futures as Best Real-Time Payments Solution.

The company is present in Brazil, USA, Mexico, Colombia and Peru, serving more than 200 customers in 14 sectors in numerous countries around the world, and has been supporting companies with technical solutions since 2007.

Whether aiming to integrate channels, enable partner ecosystems or create modern multi-cloud/hybrid architectures, innovative enterprises rely on Sensedia as a partner in API Management Platform, Adaptive Governance, Cloud Connectors, Events Hub, Service Mesh and Professional Services.","medium","99","","","high","249","","","",""
"Sinqia","https://seniorsolution.com.br","https://www.linkedin.com/company/sinqia/","Brazil","BR","S√£o Paulo","IT Services and IT Consulting","1779","","531","Google Cloud Platform, Salesforce Marketing Cloud, Amazon Web Services","1568","","","Fazemos o sistema financeiro pulsar!","O setor financeiro √© nossa paix√£o e especialidade h√° mais de 27 anos. Com um perfil arrojado e inovador, nos tornamos l√≠deres em tecnologia para esse segmento no Brasil, al√©m de uma das empresas que mais crescem no pa√≠s.

Por cinco vezes, fomos considerados uma das 100 maiores Fintechs do Mundo, de acordo com o International Data Corporation (IDC). Em 2020, passamos a integrar o ISG Provider Lens, uma pesquisa mundial que qualifica empresas de softwares e servi√ßos, sendo uma importante refer√™ncia para compradores de tecnologia.

Al√©m disso, temos como prioridade o sucesso e o bem-estar de nossos colaboradores. Estamos constantemente criando um ambiente inovador que traga valor √†s suas vidas e ao mercado. 

Em 2023, realizamos a combina√ß√£o de neg√≥cios com a Evertec, empresa refer√™ncia em solu√ß√µes de pagamento na Am√©rica Latina e no Caribe, sediada em Porto Rico.","medium","94","low","1","high","226","","","",""
"Senior Sistemas","https://senior.com.br","https://www.linkedin.com/company/senior-sistemas/","Brazil","BR","Blumenau","Software Development","3226","1988","363","Google Cloud Platform, Amazon Web Services","2201","","25000000","","Somos a escolha de l√≠deres de mercado! üíö
Os nossos 36 anos de experi√™ncia, aliados a mais de 13 mil grupos econ√¥micos, nos torna uma das tr√™s maiores companhias de tecnologia do Brasil. 

‚û°Ô∏è‚öôÔ∏è Oferecemos um portf√≥lio completo de solu√ß√µes para gest√£o que abrange todas as etapas da cadeia produtiva em setores estrat√©gicos da economia, como: Ind√∫stria, Log√≠stica, Constru√ß√£o e Agroneg√≥cio. 

Entregamos solu√ß√µes que s√£o o diferencial para empresas que almejam a lideran√ßa. Mais do que tecnologia, apoiamos gestores na tomada de decis√£o, otimiza√ß√£o de processos e maximiza√ß√£o de resultados, com uso de intelig√™ncia artificial, dados e insights estrat√©gicos üí°

Com 11 filiais, 160 canais de distribui√ß√£o na Am√©rica Latina e mais de 3 mil colaboradores, crescemos de forma consistente e, em 2024, entramos no seleto grupo de empresas que faturam mais de R$1 bilh√£o ao ano üöÄ

A nossa paix√£o por tecnologia se une ao nosso compromisso com as pessoas, e isso √© refletido em diferentes conquistas: 

üëë Pelo terceiro ano consecutivo, somos uma das melhores empresas para se trabalhar no Brasil, de acordo com o GPTW.  
üèÜ Somos uma das 10 grandes empresas brasileiras a receber o trof√©u Destaque Sa√∫de Emocional 2024, concedido pelo Great People Mental Health, que faz parte do ecossistema Great People & GPTW. 
üíº Fornecemos solu√ß√µes para 52,5% das empresas premiadas pela GPTW em 2024. 
ü§ù 40% das mil maiores empresas listadas no anu√°rio Valor 1000 s√£o nossas clientes. 

Somos inquietos, inovadores, cheios de ideias e sempre prontos para a a√ß√£o! Por isso, nosso prop√≥sito √© claro: potencializar pessoas e impulsionar neg√≥cios.  

Vamos, juntos, impulsionar novos neg√≥cios?! ‚ú®
Saiba mais em www.senior.com.br    

√â mais que tecnologia. √â gest√£o. √â resultado. √â lideran√ßa. √â Senior.","medium","16","","","high","224","","","",""
"banco BV","https://bancobv.com.br","https://www.linkedin.com/company/bancobv/","Brazil","BR","Sao Paulo","Banking","5620","","349","Salesforce Marketing Cloud, Amazon Web Services, Google Cloud Platform","1146","","","Leve para sua Vida","Ol√°! Somos o banco BV, uma das maiores institui√ß√µes financeiras da Am√©rica Latina, com mais de 30 anos de experi√™ncia no mercado e o prop√≥sito de tornar mais tranquila a vida financeira de pessoas e empresas.  
 
Aqui, acreditamos nas suas conquistas pessoais e realiza√ß√µes de novos neg√≥cios. Por isso, oferecemos cr√©dito para financiar um carro, para energia solar, para tirar os planos do papel. 
 
Simples, correto, corajoso, parceiro - esse √© o jeito BV de ser. Procuramos solu√ß√µes pr√°ticas que melhorem nosso dia a dia e ajudem nossos clientes. Somos respons√°veis, pensando no futuro do neg√≥cio e assumindo o resultado de nossas decis√µes. Jogamos junto, aprendendo sempre e incentivando novas ideias para evoluir. 
 
Buscamos oferecer propostas inovadoras em todos os segmentos que atuamos: ve√≠culos, conta, cart√µes, empr√©stimos e financiamentos para pessoas f√≠sicas, seguros e assist√™ncias, solu√ß√µes personalizadas para Corporate & Investment Banking.    
 
Al√©m disso, nos comprometemos at√© 2030 a efetuar 100% da compensa√ß√£o de CO2 dos ve√≠culos financiados, acelerar a inclus√£o social interna e mobilizar recursos para fomentar neg√≥cios sustent√°veis. 
 
banco BV. Leve para a vida.   
www.bv.com.br 
 
#LeveParaASuaCarreira #LeveParaAVida ","high","198","medium","8","medium","69","","","",""
"Porto","https://porto.vc","https://www.linkedin.com/company/porto/","Brazil","BR","Sao Paulo","Insurance","19000","1945","454","Google Cloud Platform, Salesforce Marketing Cloud, Amazon Web Services","1505","","16000000","","A Porto √© mais que uma seguradora, √© um ecossistema de solu√ß√µes de servi√ßos de prote√ß√£o com tecnologia embarcada, para melhorar e facilitar a experi√™ncia do cliente. Com mais de 70 anos de mercado, a atua√ß√£o da companhia se concentra hoje em quatro pilares estrat√©gicos de neg√≥cio: Seguros, Sa√∫de, Produtos Financeiros e Servi√ßos. Al√©m de 15.8 milh√µes de clientes √∫nicos, 13 mil funcion√°rios, 12 mil prestadores e 35 mil corretores parceiros, a empresa conta ainda com 101 sucursais e escrit√≥rios regionais em todo o Brasil. Ao todo 27 empresas fazem parte do universo Porto ‚Äì entre elas: Porto Bank, Porto Sa√∫de, Porto Seguro, Porto Servi√ßo, Porto Seguro Uruguai, Azul Seguros, Ita√∫ Seguros de Auto e Resid√™ncia. ","medium","106","medium","6","high","178","","","",""
"Zallpy Digital","https://zallpy.com","https://www.linkedin.com/company/zallpy-digital/","Brazil","BR","Porto Alegre","IT Services and IT Consulting","536","2009","489","Google Cloud Platform, Amazon Web Services","666","","","Innovative, Zallpy Digital assists in the optimization of processes, reduction of costs and improvement of products and services, adding real results for the businesses of your clients.","In today‚Äôs competitive landscape, companies and startups are navigating towards operational efficiency and swift market adaptability. Zallpy stands out as a strategic partner that elevates your software development journey with unmatched expertise and smart resource allocation. Our commitment to excellence ensures you gain access to top-tier tech talent and innovative solutions that drive your business forward.

Strategic Nearshore Partner:
Nestled in the tech-savvy hubs of Brazil, Zallpy is your gateway to a pool of exceptional talent and cutting-edge solutions. We offer the synchronicity of shared time zones and cultural affinities, providing the fluidity and responsiveness your projects deserve.

Seamless Cultural Fit:
It's the seamless integration of our team with yours that sets us apart. Zallpy's professionals are not only tech-savvy but also culturally atuned, ensuring that our collaborative efforts resonate deeply with your business objectives.

Scalable Expertise for Fortune 500 Projects:
Zallpy excels in scaling teams for large-scale, high-stakes projects, matching the needs of Fortune 500 companies. Our technical acumen is rooted in a deep understanding of complex IT challenges, enabling us to deliver cost-effective solutions without compromising on quality.","medium","56","","","high","175","","","",""
"PicPay","https://picpay.com","https://www.linkedin.com/company/picpay/","Brazil","BR","S√£o Paulo","Financial Services","5927","2012","350","Salesforce Marketing Cloud, Google Cloud Platform, Amazon Web Services","723","","150000000","Abra sua conta digital gr√°tis no PicPay e fa√ßa seu dinheiro render com o maior rendimento CDI do Brasil, tudo em um s√≥ app.","Com mais de dez anos de hist√≥ria, o PicPay oferece um portf√≥lio completo e seguro de servi√ßos financeiros para facilitar a rela√ß√£o com dinheiro e ser a principal conta do dia a dia das pessoas e seus neg√≥cios. A companhia atua em cinco frentes de neg√≥cios: Servi√ßos Financeiros para Pessoa F√≠sica, Servi√ßos Financeiros para Pessoa Jur√≠dica, PicPay Store, Cripto e Investimentos. Fundada em Vit√≥ria (ES), a empresa j√° conta com mais de 30 milh√µes de usu√°rios ativos.
","low","9","low","1","high","163","","","",""
"UDS Tecnologia","https://uds.com.br","http://www.linkedin.com/company/udstecnologia","Brazil","BR","Maring√°","IT Services and IT Consulting","170","2003","618","Google Cloud Platform, Amazon Web Services","647","","5000000","Especialistas em Desenvolvimento de Software personalizado para empresas. Escolhida por Calvin Klein, DHL, C&A e outras. Saiba mais.","A UDS √© especialista em desenvolver softwares web e aplicativos personalizados com Squads √°geis. Tamb√©m se destaca pela aloca√ß√£o e recrutamento especializado de profissionais de tecnologia. 
 
Atende marcas como Calvin Klein, DHL, C&A, Madero, SKY, Correios, Yamaha e outras. 
 
Foi reconhecida entre as tr√™s melhores desenvolvedoras de aplicativos da Am√©rica Latina e det√©m certifica√ß√£o PCI-DSS. 
 
√â a primeira de seu setor na Global Data Alliance junto a companhias como Panasonic, Visa, Pfizer e American Express.","medium","41","","","high","153","","","",""
"Banco PAN","https://bancopan.com.br","https://www.linkedin.com/company/banco-pan/","Brazil","BR","S√£o Paulo","Banking","4607","","218","Google Cloud Platform, Amazon Web Services, Salesforce Marketing Cloud","332","","","Para, pensa e PAN üü¶","Miss√£o

Ser um banco sustent√°vel que inspire os Colaboradores a surpreender os clientes. 


Vis√£o

O banco √°gil e descomplicado, que surpreende.
 
 
Valores

1. Surpreenda pelo servi√ßo.

2. Construa relacionamentos verdadeiros e de longo prazo.

3. Aja com √©tica, humildade e transpar√™ncia.

4. Pratique a meritocracia. Valorize os talentos.

5. Seja positivo, apaixonado e determinado.

6. Abrace e estimule a mudan√ßa. Seja criativo.

7. Busque o crescimento e o aprendizado.

8. Comunique-se de forma clara, objetiva e respons√°vel.

9. Fa√ßa mais com menos.

10. Pense como dono!


O PAN em n√∫meros: 
 
+ de 3.500 profissionais;
 
+ de 100 pontos de venda;
 
+ de 1.300 parceiros imobili√°rios;
 
+ de 1.300 correspondentes;
 
+ de 9.750 concession√°rias e revendedoras;
 
+ de 3.000.000 clientes ativos;
 
+ de 1,7 milh√£o de cart√µes de cr√©dito emitidos.","low","7","high","8","high","150","","","",""
"TOTVS","https://totvs.com","https://www.linkedin.com/company/totvs/","Brazil","BR","Sao Paulo","Software Development","13539","1983","492","Amazon Web Services, Google Cloud Platform, Google Drive","2828","","623558000","Localizada em importantes cidades do interior paulista, a TOTVS Interior Paulista e Tri√¢ngulo Mineiro se dedica a levar tecnologia para as empresas da regi√£o.","Ol√°, somos a TOTVS! A maior empresa de tecnologia do Brasil. ü§ì

Quando se trata de sistemas e plataformas para empresas, somos l√≠deres absolutos, com mais de 70 mil clientes. Vamos muito al√©m do ERP, oferecendo tecnologia completa para digitaliza√ß√£o dos neg√≥cios com um portf√≥lio baseado em 3 dimens√µes:

- Gest√£o, com sistemas para automatizar processos das atividades fim e todo backoffice das opera√ß√µes dos nossos clientes üíª
 - Techfin, com servi√ßos financeiros personalizados que podem ser contratados por meio dos nossos sistemas üí∏
 - Business Performance, com solu√ß√µes para as empresas venderem mais e crescerem üöÄ 

Nos √∫ltimos 5 anos, investimos aproximadamente R$ 3 bilh√µes em pesquisa e desenvolvimento para atender, de maneira cada vez mais especializada, empresas de 12 segmentos da economia.

Somos o trusted advisor dos nossos clientes e uma pot√™ncia tecnol√≥gica que apoia a evolu√ß√£o de empresas de norte a sul do pa√≠s. O Brasil, que faz, faz com TOTVS.","medium","94","","","medium","149","high","89","",""
"A3Data","https://a3data.com.br","http://www.linkedin.com/company/a3-data-consultoria","Brazil","BR","Belo Horizonte","Professional Services","170","2012","202","Google Cloud Platform, Amazon Web Services","190","","","","Desenvolvemos¬†solu√ß√µes¬†tecnol√≥gicas¬†e de¬†intelig√™ncia¬†de dados¬†aplicadas¬†ao¬†neg√≥cio¬†e¬†ao desenvolvimento¬†das¬†pessoas. 

A¬†nossa¬†ess√™ncia¬†√©¬†estruturar¬†e¬†acelerar¬†a¬†implanta√ß√£o¬†da cultura¬†data driven¬†nas¬†organiza√ß√µes.

O nosso prop√≥sito √© empoderar as pessoas por meio dos dados.","medium","51","","","high","142","","","",""
"iFood","https://ifood.com.br","https://www.linkedin.com/company/ifood-/","Brazil","BR","Osasco","Software Development","13000","2011","383","Google Cloud Platform, Salesforce Marketing Cloud, Amazon Web Services","1766","","240000000","","O iFood √© uma empresa brasileira de tecnologia, que aproxima clientes, restaurantes e entregadores de forma simples e pr√°tica.  O iFood tem o prop√≥sito de alimentar o futuro do Brasil e do mundo, transformando a sociedade por meio da educa√ß√£o e da tecnologia, da seguran√ßa alimentar, da inclus√£o e com um impacto socioambiental positivo.
Com mais de 80 milh√µes de pedidos mensais, o iFood atua com intelig√™ncia de neg√≥cio e solu√ß√µes de gest√£o para promover e desenvolver um ecossistema de mais de 330 mil estabelecimentos cadastrados, 250 mil entregadores conectados em mais de 1700 cidades em todo o Brasil.  H√° 12 anos no mercado, a empresa vai al√©m do food delivery e cresce tamb√©m em neg√≥cios de Mercado, iFood Pago, unindo tecnologia e conveni√™ncia na entrega de solu√ß√µes aos parceiros.
Para mais informa√ß√µes sobre o iFood, suas novidades e a nossa fome de alimentar o mundo, acesse: https://www.news.ifood.com.br/","medium","25","high","28","high","141","","","",""
"PagBank","https://uol.com.br","https://www.linkedin.com/company/pagbank/","Brazil","BR","S√£o Paulo","Financial Services","8744","1996","353","Google Cloud Platform, Amazon Web Services","707","","2894000","Siga a Folha e fique informado sobre tudo o que acontece no Brasil e no mundo. Not√≠cias sobre pol√≠tica, economia, cultura, esporte, entretenimento e mais.","PagSeguro fosters innovative solutions in financial services and means of payment, automating the purchase, sale and wiring process in order to leverage business for any individual or legal entity, in a simple and secure manner. As a company owned by the Folha/UOL Group ‚Äì the Brazilian internet leader ‚Äì PagSeguro operates as an issuer, acquirer and offers digital accounts, besides providing complete solutions for online and face-to-face payments (for mobile devices and POS devices). PagSeguro also offers a wide variety of means of payment, such as credit, debit and meal cards, as well as bank wiring, billet payments, account balance check, among others. The company is regulated by the Central Bank of Brazil as an electronic money issuing institution and acquirer, and has partnerships with the main card brands. Its parent company, PagSeguro Digital, is publicly traded in the United States (NYSE: PAGS) and regulated by the SEC (Securities and Exchange Commission).  ","medium","22","","","high","140","","","",""
"√≠lia","https://ilia.digital","https://www.linkedin.com/company/ilia-digital/","Brazil","BR","S√£o Paulo","IT Services and IT Consulting","438","2011","398","Google Cloud Platform, Amazon Web Services, Salesforce Marketing Cloud","565","","100000000","Find clean makeup and cosmetics at ILIA Beauty. ILIA Beauty offers clean makeup that makes your skin look &amp; feel alive. Shop now!","We specialize in creating digital products that transform our clients' journeys, delivering consistent results through Technology, Design, and Data. 

By offering high-impact solutions for large companies in financial services, insurance, and mobility, we help them turn challenges into opportunities for growth and innovation.

We develop complete digital solutions, from discovery through ongoing support, with agility and precision. Guided by our value@speed philosophy, we deliver fast, high-value results.
Partnering with platforms like Salesforce, Genesys, and AWS, we provide integrated solutions that enhance user experience, operational efficiency, and scalability. 

Our collaborative team, driven by uncomplicated innovation, collaborates closely with clients to simplify interactions between people, products, and services, fostering strategic and sustainable growth.
","medium","36","high","9","high","133","","","",""
"Taking","https://taking.com.br","http://www.linkedin.com/company/taking","Brazil","BR","S√£o Paulo","Professional Services","290","1995","470","Google Cloud Platform, OneDrive, Amazon Web Services","695","","","Apoiamos empresas por meio da acelera√ß√£o digital. Nossa atua√ß√£o √© estruturada no trip√© pessoas, processos e tecnologia, com foco em promover alta performance para empresas.","Somos uma aceleradora digital especializada em compreender as necessidades das organiza√ß√µes, tanto no √¢mbito do neg√≥cio como nas quest√µes t√©cnicas de TI, proporcionando o equil√≠brio perfeito entre tecnologia e humaniza√ß√£o.

Por isso, a Taking apoia empresas na acelera√ß√£o digital baseada no trip√© pessoas, processos e tecnologias, porque entendemos que n√£o existe tecnologia sem processos e nem processos sem pessoas. Acreditamos que valores como empatia e comprometimento, por meio do pensamento voltado para a inova√ß√£o, permitem inspirar pessoas e colaborar na constru√ß√£o do caminho para um futuro melhor.

Nosso ecossistema tem contribu√≠do, nos √∫ltimos 27 anos, com milhares de pessoas, inspirando-as, e soma mais de 151 mil horas de servi√ßo prestados por m√™s, mais de 236 clientes ativos, cerca de 952 colaboradores e mais de 60 empresas parceiras.

Em 2022, nos unimos √† InfoA2, empresa que se consolidou no mercado de projetos e aplicativos, sendo a primeira parceira Oracle a realizar a implementa√ß√£o do ERP Cloud no Brasil. 

Estamos preparados para um futuro com voc√™ ao nosso lado.

Vamos juntos?","medium","50","","","high","126","","","medium","3"
"Nubank","https://nubank.com.br","https://www.linkedin.com/company/nubank/","Brazil","BR","S√£o Paulo","Financial Services","10338","2013","322","Google Cloud Platform, Amazon Web Services","926","","737100000","Voc√™ finalmente no controle do seu dinheiro. Controle total do cart√£o de cr√©dito e da conta 100% digital","Nu was born in 2013 with the mission to fight complexity to empower people in their daily lives by reinventing financial services.

We are one of the world‚Äôs largest digital banking platforms, serving more than 100 million customers across Brazil, Mexico, and Colombia. 

As one of the leading technology companies in the world, Nu leverages proprietary technologies and innovative business practices to create new financial solutions and experiences for individuals and SMEs that are simple, intuitive, convenient, low-cost, empowering, and human. 

Guided by its mission, Nu is fostering access to financial services across Latin America.","medium","11","","","high","120","","","",""
"Lity","https://lity.com.br","http://www.linkedin.com/company/lity","Brazil","BR","Uberl√¢ndia","IT Services and IT Consulting","3","","344","Google Cloud Platform, Amazon Web Services","610","","","","","medium","41","","","high","118","","","",""
"Alest Consultoria","https://alest.com.br","http://www.linkedin.com/company/alest-consultoria","Brazil","BR","S√£o Paulo","IT Services and IT Consulting","110","2011","50","Amazon Web Services, Google Cloud Platform","183","","","Alest √© uma Consultoria Especializada em Transforma√ß√£o Digital. Inove seu Canal de Atendimento, Otimize seus Processos e Inicie j√° sua Jornada Para a Nuvem!","Alest Consultoria, was founded in 2011. We are proud to say that we operate with excellence throughout the national territory, committing ourselves to plan, conduct and act directly in the digital transformation of small, medium and large Brazilian organizations. We value, above all, our customer satisfaction. Our goal is clear: to make work simpler, more innovative and collaborative. Thinking further, Alest brings creativity, collaboration and the entrepreneurial spirit to IT, Support, HR and Marketing!","high","115","","","low","4","","","",""
"Claranet Brasil","https://bit.ly","https://www.linkedin.com/company/claranetbrasil/","Brazil","BR","Barueri","IT Services and IT Consulting","340","1992","158","Google Cloud Platform, Amazon Web Services","124","","527525000","Claranet Brasil √© um provedor de servi√ßos gerenciados de Ciberseguran√ßa e Cloud. Deixe a sua √°rea de TI cada vez mais estrat√©gica. Confira!","A Claranet Technology S.A. faz parte de uma multinacional de tecnologia com foco em solu√ß√µes end to end, especialista em servi√ßos gerenciados de Cloud P√∫blica e Privada, Ciberseguran√ßa, Big Data entre outros. Est√° presente em 10 pa√≠ses (Reino Unido, Portugal, Fran√ßa, Alemanha, Holanda, Espanha, Brasil, Estados Unidos, It√°lia e Su√≠√ßa), com mais de 2.500 colaboradores e 6.800 clientes ao redor do mundo. 

Nascida no Reino Unido em 1996, a Claranet √© reconhecida como o maior fornecedor europeu em servi√ßos gerenciados. Chegou em terras brasileiras no ano de 2017 e fez  aquisi√ß√£o de 92,5% da CorpFlex, empresa pioneira em Cloud Privada no pa√≠s. 

A Claranet soma 28 aquisi√ß√µes ao redor do mundo em 6 anos, o que refor√ßa o caminho de consolida√ß√£o j√° comprovado na Europa. Em uma era de plena transforma√ß√£o dos neg√≥cios, a Claranet trabalha com um framework modular de servi√ßos profissionais, estudando as melhores op√ß√µes em tecnologia para as organiza√ß√µes, com cases comprovados em diversos segmentos. O time √© 100% comprometido em entregar os melhores servi√ßos, que trazem mais performance para o momento atual e tamb√©m no plano de continuidade e sucesso dos nossos clientes agora e no futuro. 

","medium","68","","","high","114","","","",""
"Datum TI","https://datum.inf.br","http://www.linkedin.com/company/datumti","Brazil","BR","Porto Alegre","IT Services and IT Consulting","201","1999","528","Google Cloud Platform, Salesforce Marketing Cloud, Amazon Web Services","958","","","","A Datum nasceu em 1999 e surgiu da necessidade de atender a adapta√ß√£o das empresas para o bug do mil√™nio. Desde ent√£o, atuamos em projetos inovadores nos mais variados segmentos, voltados para transforma√ß√£o digital, desenvolvimento √°gil e customer centric. Atuamos em inova√ß√£o e evolu√ß√£o de software, desenvolvimento de plataformas e aplicativos mobile, aloca√ß√£o de profissionais e consultoria. Nosso objetivo √© ajudar empresas a serem protagonistas da sua hist√≥ria atrav√©s da tecnologia e da inova√ß√£o.

Em nosso portf√≥lio de clientes, temos empresas como Getnet, banco Bonsucesso, RBS, Hewlett-Packard Enterprise, Saque e Pague e grupo Dimed-Panvel.

Aqui incentivamos a diversidade, ideias inovadoras e autonomia. Entendemos que um ambiente colaborativo e inovador se constr√≥i com diversidade de pessoas e ideias, e buscamos constantemente um espa√ßo em que todos sintam-se livres para serem quem s√£o.

Na Datum, todos avan√ßam juntos!","medium","53","low","2","high","113","","","",""
"Verx Tecnologia e Inova√ß√£o","https://verx.com.br","http://www.linkedin.com/company/verx-tecnologia","Brazil","BR","S√£o Paulo","IT Services and IT Consulting","71","2007","379","Google Cloud Platform, Amazon Web Services","335","","","","Uma consultoria especializada em TI, apaixonada por desafios, motivada pelas inova√ß√µes, e na busca constante pelas estrat√©gias mais eficazes para cada cliente. Queremos resultados concretos, adoramos a evolu√ß√£o e procuramos, obstinadamente, o melhor modelo de gest√£o, com os resultados mais animadores. Temos agilidade, capacidade apurada de entendimento e flexibilidade para oferecer servi√ßos altamente personalizados com a expertise que o cliente precisa para crescer.

Nossos Princ√≠pios
Sim, temos como meta primordial atender √†s demandas de nossos clientes por meio de solu√ß√µes integradas, criativas e altamente eficazes. Mas sabemos que isso s√≥ √© poss√≠vel investindo, constantemente, no aprimoramento de nosso time de colaboradores e nas inova√ß√µes em gest√£o, tecnologia e recursos humanos. 
T√£o importante quanto esses aspectos √© travar rela√ß√µes de honestidade e transpar√™ncia com nossos clientes, fortalecendo os v√≠nculos de parceria, por meio da entrega de um trabalho s√©rio, comprometido, √°gil e din√¢mico, que resulta, indubitavelmente, na satisfa√ß√£o do mercado e na constru√ß√£o de sucessos em parcerias.","medium","26","","","high","101","","","",""
"Solutis Tecnologias","https://solutis.com.br","https://www.linkedin.com/company/solutis-tecnologias/","Brazil","BR","Sao Paulo","IT Services and IT Consulting","981","","409","Google Cloud Platform, Amazon Web Services","497","","","Player de Tecnologia que acelera a jornada digital dos clientes.","Solutis - estrat√©gia, design e tecnologia.  Servi√ßos que aceleram a transforma√ß√£o digital. Cogni√ß√£o, Analytics, IOT, UX, Cloud, Mobile, Integra√ß√£o, Aplica√ß√µes, Service Desk e Suporte a Ambiente Computacional.  Ampla oferta para suporte a gest√£o. Amor por tecnologia, paix√£o por gente, engajamento, busca intensa por conhecimento, empatia e criatividade... receita para cultivar e colher, sempre, o melhor resultado para o cliente.
","medium","13","","","high","99","","","",""
"RD Station","https://rdstation.com","https://www.linkedin.com/company/rd-station/","Brazil","BR","Florian√≥polis","Software Development","1501","2011","303","Amazon Web Services, Google Cloud Platform, Google Drive","698","","75000","","Somos l√≠deres em solu√ß√µes de tecnologia para ecommerce, marketing digital e vendas no Brasil. Por meio da nossa plataforma de automa√ß√£o de marketing e vendas, e divis√£o de conte√∫do, m√≠dia e educa√ß√£o, empoderamos her√≥is e hero√≠nas que fazem a economia crescer. 

Atualmente, temos mais de 50 mil clientes, em mais de 60 pa√≠ses. Com aproximadamente 1.500 funcion√°rios em toda a Am√©rica Latina, somos reconhecidos pelo ranking ‚ÄúGreat Place to Work‚Äù, como uma das melhores para se trabalhar no Brasil em Diversidade, Equidade e Inclus√£o.
","high","98","","","medium","82","high","5","",""
"IPNET Growth Partner","https://ipnet.cloud","http://www.linkedin.com/company/ipnet","Brazil","BR","","IT Services and IT Consulting","250","2002","169","Amazon Web Services, Google Drive, Google Cloud Platform","115","","6000000","","Somos uma empresa parceira da Google na Am√©rica Latina para te ajudar a crescer e seguir na Transforma√ß√£o Digital. 

Al√©m das solu√ß√µes de produtividade do Google Workspace e dos servi√ßos da Google Cloud Plataform, contamos com uma equipe diversa e especializada, pronta para enxergar o seu momento e o da sua empresa, e oferecer a melhor estrat√©gia. 

Nossa cultura de relacionamento envolve o cliente em todas as etapas do projeto, que se beneficia do nosso know-how, da variedade de recursos de que dispomos, al√©m da nossa capacidade de flexibilizar o seu planejamento. O resultado √© um produto que se encaixa perfeitamente ao seu neg√≥cio.","high","97","","","medium","27","medium","1","",""
"e-Core","https://e-core.com","https://www.linkedin.com/company/e-core/","Brazil","BR","Porto Alegre","IT Services and IT Consulting","630","1999","388","Google Cloud Platform, Amazon Web Services","452","","35000000","","We are a technology consulting partner focused on digital innovation and business transformation.

We combine our global experience in key industries
and the latest technologies to help fast-growing
and established companies build innovative digital products, modernize technology platforms
and improve efficiency in their digital operations. 

With offices in Brazil, United States, and Mexico, we have a global DNA and important numbers that mark our trajectory:

+22 Years of experience in the market.
+304 Active customers served in over ten countries.
+700 Team members.
+25 Industries served.

We are change-makers, and the purpose of everything we do is to connect people and technology to build a better future together.

We are e-Core. Accelerating Digital for future-ready businesses.","medium","43","","","high","94","","","",""
"Dadosfera","https://dadosfera.ai","http://www.linkedin.com/company/dadosfera","Brazil","BR","Belo Horizonte","Professional Services","72","2018","154","Google Cloud Platform, Amazon Web Services","101","","","Traga o sucesso da sua organiza√ß√£o para o agora! A solu√ß√£o que faltava para acelerar os resultados do seu neg√≥cio. Uma plataforma que une dados, IA. e an√°lises preditivas em um s√≥ lugar, de forma acess√≠vel e descomplicada. ","Inova√ß√£o com foco em resultados - Aqui, o foco est√° no resultado do seu neg√≥cio, por meio de uma plataforma de dados personalizada que vai otimizar os processos. E o melhor: democratizada para a melhor experi√™ncia de usu√°rios e executivos com o que h√° de mais moderno na √°rea de An√°lises e Design.","medium","65","","","high","94","","","",""
"Volto","https://voltosempre.com.br","http://www.linkedin.com/company/volto-sempre---mereo-servi%c3%a7os-de-fideliza%c3%a7%c3%a3o","Brazil","BR","S√£o Paulo","IT Services and IT Consulting","3","2015","441","OneDrive, Google Cloud Platform, Amazon Web Services","400","","","","O VOLTO SEMPRE √© um programa de fidelidade √∫nico para pequenos e m√©dios estabelecimentos. \\Os estabelecimentos parceiros t√™m acesso √† nossa plataforma de fidelidade que aumenta a rentabilidade do seu neg√≥cio atrav√©s da reten√ß√£o e atra√ß√£o de clientes.\\Somos uma empresa jovem, que traz na bagagem um amplo conhecimento em programas de fidelidade para os mais diversos segmentos.\\O VOLTO SEMPRE √© uma startup residente no CUBO Coworking e nosso momento √© de expans√£o!\\Melhor do que voc√™ pedir para o seu cliente voltar √© ele mesmo falar: VOLTO SEMPRE.","medium","23","","","high","93","","","medium","3"
"PagBank PagSeguro","https://uol.com.br","http://www.linkedin.com/company/uol","Brazil","BR","S√£o Paulo","IT Services and IT Consulting","3700","1996","280","Google Cloud Platform, Amazon Web Services","331","","2894000","RedeTV! Evoluindo com voc√™","UOL

UOL Content and Services offers more than 1,000 channels of journalism, information, entertainment and services. With 90% coverage (9 out of 10 Brazilians access UOL content every month), UOL has the largest audience among Brazilian Internet media outlets. UOL Content and Services also offers entertainment products (UOL Play, UOL Economy +, UOL Club), security and Assistance (Antivirus, Technical Assistance, UOL Resolve), solutions for digital media (Advertising), among others. UOL Group is the largest Brazilian group of content, technology, services and means of digital payments and also has the following business units: PagSeguro PagBank, a public company on the NYSE (USA), which has complete solutions for online and face-to-face payments (mobile) and POS) for all means of payment (credit, debit and meal cards), in addition to free digital accounts that allow you to pay bills, recharge cell phones, make salary portability and send and receive transfers (TEDs); Compass UOL, which offers technological solutions for the digital transformation of large companies; and UOL EdTech, a platform with solutions for online education.

Access: www.uol.com.br/sobre","medium","8","","","high","93","","","",""
"Banco BV","https://bancobv.com.br","http://www.linkedin.com/company/banco-bv","Brazil","BR","","Banking","5000","1991","237","Amazon Web Services, Salesforce Marketing Cloud, Google Cloud Platform","522","","600000000","Bem-vindo ao BV! √â poss√≠vel um banco ser leve? A gente acredita que sim! banco BV, leve para a vida! Acesse!","Ol√°! Somos o banco BV, uma das maiores institui√ß√µes financeiras da Am√©rica Latina com mais de 30 anos de experi√™ncia no mercado. 

Nosso prop√≥sito √© tornar mais tranquila a vida financeira de pessoas e empresas, acreditamos em um jeito mais leve de lidar com dinheiro possibilitando a realiza√ß√£o de planos para o futuro, neg√≥cios e conquistas pessoais. 

Simples, correto, corajoso, parceiro - esse √© o jeito BV de ser. Queremos atitude e ousadia para realizar, √© preciso querer fazer, aprender a fazer e estar perto de quem sabe fazer, e √© por isso que aqui tem muita gente boa, boa de estar junto e boa de entregar uma experi√™ncia √∫nica para nossos clientes. 

Falando em clientes, eles est√£o sempre em primeiro lugar para n√≥s. Nosso compromisso √© colocar suas necessidades e objetivos no centro de tudo o que fazemos. 

Buscamos oferecer solu√ß√µes inovadoras e personalizadas em todos os segmentos que atuamos: conta, cart√µes, empr√©stimos e financiamentos para pessoas f√≠sicas, seguros e assist√™ncias, investidores institucionais, ve√≠culos, Corporate & Investment Banking. 

Al√©m disso, somos o √∫nico banco que compensa 100% da emiss√£o de CO2 dos ve√≠culos financiados, demonstrando nosso compromisso com o desenvolvimento sustent√°vel do pa√≠s. 

Seja bem-vindo ao universo BV, onde o futuro financeiro √© leve, transparente e colaborativo.  #LeveParaASuaCarreira #LeveParaAVida","high","89","high","6","medium","26","","","",""
"Ita√∫","https://itau.com.br","http://www.linkedin.com/company/itau","Brazil","BR","S√£o Paulo","Banking","97000","1924","236","Salesforce Marketing Cloud, Google Cloud Platform, Amazon Web Services","391","","28004525000","Maior Private Bank da Am√©rica Latina, curadoria de alta performance para seus investimentos, presen√ßa global e produtos de mais de 40 gestores.","Ita√∫ is a banking firm that offers credit card, loans, insurance, pension plan and capitalization services for individual and businesses.","medium","8","medium","2","high","85","","","",""
"Afya","https://afya.com.br","http://www.linkedin.com/company/afyamedicina","Brazil","BR","Nova Lima","Higher Education","5001","2019","339","Google Cloud Platform, OneDrive, Google Drive, Amazon Web Services","1150","","460162000","Por que escolher a Afya? Nossa ess√™ncia √© reconhecer as expectativas e necessidades das novas gera√ß√µes e construir pontes entre as diversas vis√µes de mundo, culturas e tradi√ß√µes de nossa sociedade.","Afya is a Brazil-based medical education group that operates medical schools and also offers corporate and investment solutions for the health and medical education market.","medium","13","","","high","84","low","1","medium","6"
"Loggi","https://loggi.com","https://www.linkedin.com/company/loggi/","Brazil","BR","S√£o Paulo","Freight and Package Transportation","4275","2013","203","Google Cloud Platform, Amazon Web Services","1146","","150000000","Procurando por entregas r√°pidas de encomendas com alta seguran√ßa, melhor pre√ßo e rotas inteligentes? Vem com a Loggi!","Through technology (mobile, AI, automation, IOT), we have created, in an unprecedented way, a next generation logistics network in Brazil that is a fast, cost-effective and reliable solution.

By the end of 2020, we want to be present in all Brazilian cities and reach the milestone of 5 million deliveries per day for the next 5 years.

With SoftBank, Microsoft, GGV Capital and others, the new investment round has brought Loggi‚Äôs valuation up to US$1 billion!","low","3","","","high","82","","","",""
"CaseWare","https://caseware.com.br","http://www.linkedin.com/company/caseware","Brazil","BR","","Accounting","7","1993","309","Google Drive, Google Cloud Platform, Amazon Web Services","235","","","","Com know how de mais de quinze anos no segmento de tecnologia da informa√ß√£o, a CaseWare vem oferecer a maior gama de solu√ß√µes e produtos com a melhor qualidade focando sempre na rela√ß√£o custo x benef√≠cio. Visando manter sempre um excelente padr√£o de atendimento, estamos constantemente buscando aprimorar tecnicamente nossa equipe de suporte, oferecendo sempre novas ofertas de produtos e servi√ßos.","low","5","","","high","80","medium","1","",""
"Viceri","https://viceri.com.br","http://www.linkedin.com/company/viceri","Brazil","BR","Jundia√≠","IT Services and IT Consulting","110","1990","202","Google Cloud Platform, Amazon Web Services","130","","","","A melhor solu√ß√£o pode vir de algo inimagin√°vel, por isso a Viceri busca todos os dias, a cada entrega, a cada solu√ß√£o, pensar primeiramente nas pessoas, na sua cadeia de valor, indo al√©m do olhar da efici√™ncia corporativa. Queremos conectar as pessoas com a revolu√ß√£o digital para entregar solu√ß√µes inimagin√°veis, implantando assim um Mindset disruptivo e de alto impacto.","medium","18","","","high","80","","","",""
"innolevels - Leveraging your Business","https://innolevels.com.br","http://www.linkedin.com/company/innolevels","Brazil","BR","Rio de Janeiro","IT Services and IT Consulting","30","2012","390","Salesforce Marketing Cloud, Google Cloud Platform, Amazon Web Services","420","","","A innolevels prov√™ servi√ßos de Consultoria em TI, F√°brica de Software, Sistemas, Aplica√ß√µes, Solu√ß√µes em Nuvem, Mobilidade, Aloca√ß√£o de Recursos e Digital.","Somos uma empresa que oferece solu√ß√µes, servi√ßos e consultoria em tecnologia da informa√ß√£o provendo o melhor resultado para os desafios enfrentados pelos nossos clientes. Temos excel√™ncia em gerar valor atrav√©s de tecnologia, metodologia e pessoas com compromisso de sempre levar inova√ß√£o tecnol√≥gica pela dedica√ß√£o, colabora√ß√£o e talento da nossa equipe. 

Trabalhamos com uma evolu√ß√£o de crescimento m√©dio superior a 43% ao ano o que nos proporciona cada vez mais investimentos em inova√ß√£o, atendimento de qualidade, carreira profissional e expans√£o das nossas opera√ß√µes. Nosso maior orgulho √© a fideliza√ß√£o dos nossos clientes, parceiros e funcion√°rios ao longo de nossa hist√≥ria, sendo poss√≠vel afirmar que nossa jornada de crescimento √© cada vez maior e sempre compartilhada com todos os envolvidos.","medium","24","medium","5","high","76","","","",""
"MadeiraMadeira","https://madeiramadeira.com.br","https://www.linkedin.com/company/madeiramadeira/","Brazil","BR","Curitiba","Software Development","2000","2009","269","Google Cloud Platform, Amazon Web Services","902","","","","H√° mais de uma d√©cada a MadeiraMadeira √© l√≠der em oferecer solu√ß√µes tecnol√≥gicas para que o m√°ximo de pessoas possa se sentir em casa. 

Nosso prop√≥sito √© um s√≥: reinventar a maneira como as pessoas montam suas casas. Somos mais de 2.000 pessoas que trabalham todos os dias para garantir que cada pedacinho da casa de mais de 3 milh√µes de clientes conte uma hist√≥ria.

Para garantir isso, somos apaixonados por desafios e resultados consistentes. Sonhamos, acreditamos e realizamos: somos a maior plataforma de produtos para casa da Am√©rica Latina com mais de 2 milh√µes de produtos ofertados em nosso site e, al√©m do e-commerce, tamb√©m somos marketplace e atuamos com guide shops espalhadas pelo Brasil.

Aqui, na MadeiraMadeira valorizamos o entusiasmo e acreditamos que ter paix√£o empreendedora √© mais que assumir riscos, √© transformar desafios em resultados surpreendentes. Mais que entender, encaramos o erro como um processo de aprendizado e persistimos frente √† velocidade das mudan√ßas. 

üåàDiversidade, Inclus√£o e Pertencimento

Somamos nossas diferen√ßas para multiplicar:
Multiplicar um ambiente +diverso, +acolhedor, +criativo e +justo.

Valorizamos as diferentes possibilidades de ser e pensar. Por isso, criamos o Sommar, nosso programa de diversidade, inclus√£o e pertencimento.

Esta √© a nossa entrega para uma sociedade, uma empresa e pessoas melhores. 

Somos mais do que uma empresa: somos agentes de transforma√ß√£o, inova√ß√£o e mudan√ßa. #VamosSommar?","low","6","","","high","75","","","",""
"Impulso","https://impulso.team","https://www.linkedin.com/company/impulsoteam/","Brazil","BR","Rio de Janeiro","IT Services and IT Consulting","166","2010","231","Google Cloud Platform, Amazon Web Services","201","","","Montamos e alocamos times prontos para atuar nos seus projetos estrat√©gicos permitindo que sua empresa cres√ßa de forma consistente na velocidade que ela precisa.","Any talent. Any stack. We offer the widest variety of talents for remote allocation.

We are internationally recognized for our pioneering spirit and experience. Over the past ten years, we have refined our exponential team growth process and created matching systems and algorithms to make the process even more efficient and accurate. Thus, we deliver the best fit in the shortest time.

In three weeks, we assemble and allocate teams ready to act on your strategic projects, allowing your company to grow consistently at the speed it needs.

Our continuous management team follows the extended teams to increase their synergy and collaboration, making them increasingly engaged, results-oriented and productive.

We will not rest until the work become fully realized, motivated and productive for each person and company.

Learn more on our website!","medium","10","","","high","74","","","",""
"Instituto Atl√¢ntico","https://atlantico.com.br","http://www.linkedin.com/company/instituto-atlantico","Brazil","BR","Fortaleza","IT Services and IT Consulting","700","2001","221","Google Cloud Platform, Amazon Web Services","176","","","","Especializado em Pesquisa e Desenvolvimento (P&D), o Instituto Atl√¢ntico √© uma empresa privada sem fins lucrativos cujo foco √© ajudar organiza√ß√µes de diversos setores e portes a transformar projetos e ideias inovadoras em realidade.

O Atl√¢ntico possui um time de mais de 400 Atlantes apaixonados pelo que fazem e distribu√≠dos em nossa sede que fica localizada em Fortaleza.

Somos refer√™ncia nacional em qualidade e efici√™ncia na √°rea de TI&C e possu√≠mos expertise comprovada em diversas √°reas do conhecimento, dentre elas:

- Machine Learning
- IoT
- Big data
- Aplica√ß√µes M√≥veis
- Cloud Computing
- Hardware
- Redes Inteligentes 
- Sistemas Embarcados
- Testes Automatizados

Foi fundado em 2001 pelo CPqD, o maior Centro de Pesquisa de Desenvolvimento em Telecomunica√ß√µes do Brasil.","low","6","","","high","74","","","",""
"Maitha Tech","https://maitha.com.br","https://www.linkedin.com/company/maitha-tech/","Brazil","BR","S√£o Paulo","IT Services and IT Consulting","155","2019","325","Google Cloud Platform, Salesforce Marketing Cloud, Amazon Web Services","294","","","Somos uma empresa Squad as a Service. Oferecemos uma forma sustent√°vel de expandir a capacidade de entrega de times de tecnologia. Conhe√ßa-nos","Somos uma empresa digital, com experi√™ncia em tecnologia e inspirada pela inova√ß√£o. Atuamos na acelera√ß√£o, transforma√ß√£o e ideac√£o de novas solu√ß√µes e times de alta performance. 
Com atua√ß√£o nos maiores players de mercado, apoiamos parceiros no crescimento do neg√≥cio focando em resultados e efici√™ncia operacional.","medium","29","medium","4","high","73","","","",""
"EBANX","https://ebanx.com","http://www.linkedin.com/company/ebanx","Brazil","BR","Curitiba","Financial Services","740","2012","309","Google Cloud Platform, Amazon Web Services","525","","150000000","Superior performance and built-to-fit payment solutions for global techs growing in Latin America and Africa according to their business industries.","Com DNA Latino-americano, o EBANX nasceu em Curitiba, em 2012, como uma Fintech Global. Hoje, oferecemos solu√ß√µes de pagamento que v√£o de ponta-a-ponta, em todo o processo de transa√ß√£o dentro de ecommerces. Com mais de 100 m√©todos de pagamentos locais dispon√≠veis, o EBANX j√° ajudou mais de 500 empresas globais a crescerem na Am√©rica Latina e 40 milh√µes de Latino-americanos a terem acesso a servi√ßos e produtos de todo o mundo.","low","6","","","high","72","","","",""
"RecargaPay","https://recargapay.com","https://www.linkedin.com/company/recargapay/","Brazil","BR","S√£o Paulo","Financial Services","648","","228","Amazon Web Services","516","","","RecargaPay √© um super app de pagamentos que convida as pessoas a repensarem sua vida financeira.  #RepenseO√ìbvio","RecargaPay is an all-in-one payments superapp based in Brazil that invites people to switch out of autopilot and rethink their finances based on convenience, affordability, and flexibility.
The platform streamlines payments for over 7 million Brazilians by consolidating credit and debit cards, instant payments like Pix, and Open Finance, on a mission to democratize mobile payments and financial services in Brazil.
Featuring services such as bill payments, mobile top-ups, public transportation, installment plans, and loans, designed with convenience, low cost and flexibility in mind. RecargaPay is changing the way both banked and unbanked Brazilians make their everyday payments and access their financial services.
Founded in 2010, having already received over $120 million in funding from investors that include IFC and IADB, RecargaPay is authorized as a Payments Institution and SCD by the Brazilian Central Bank.","","","","","high","69","","","",""